Title,GivenName,Surname,ZipCode,Gender,Age,EmailAddress,Color,Occupation,Company,Kilograms,Centimeters,Latitude,Longitude
Ms.,Barbara,Abend,09399,female,35,BarbaraAbend@rhyta.com,Brown,"Transportation engineer","Price Club",86.9,160,50.699113,12.794124
Mr.,Paul,Koenig,46569,male,59,PaulKoenig@dayrep.com,Green,"Research psychologist","Del Farm",92.0,176,51.67557,6.839482
Dr.,Jessica,Hahn,14547,female,59,JessicaHahn@teleworm.us,Blue,"Industrial property manager",Liberal,87.9,164,52.312336,13.0628
Ms.,Marina,Ehrlichmann,46414,female,66,MarinaEhrlichmann@jourrapide.com,Purple,"Electromechanical engineering technician","Sunburst Garden Management",68.8,160,51.777481,6.653596
Mr.,Eric,Möller,73728,male,55,EricMoller@fleckens.hu,Black,"Clinical dietitian","Kohl's Food Stores",74.7,174,48.642352,9.242575
Mr.,Dieter,Biermann,92356,male,56,DieterBiermann@rhyta.com,Blue,"Motorboat operator","Gino's Hamburgers",113.3,186,49.235709,11.573809
Mr.,Martin,Amsel,57580,male,65,MartinAmsel@jourrapide.com,Orange,"Image consultant",Naturohair,103.2,181,50.649779,7.793337
Mr.,Jürgen,Lehrer,85462,male,79,JurgenLehrer@einrot.com,Blue,Paymaster,"Gas Zone",90.2,177,48.388813,11.96255
Mr.,Leon,Richter,55765,male,53,LeonRichter@einrot.com,Blue,"Nursery and greenhouse manager","Sears Homelife",94.8,173,49.65489,7.194139
Mr.,Jan,Hartmann,56412,male,66,JanHartmann@gustr.com,Blue,"Bindery machine operator","Town and Country Convenience Stores",106.1,167,50.441694,7.730758
Mrs.,Daniela,Friedman,96019,female,64,DanielaFriedman@jourrapide.com,Black,"GED teacher","York Steak House",93.3,157,49.828693,10.812435
Mrs.,Sophia,Theiss,23847,female,70,SophiaTheiss@jourrapide.com,Blue,"Relay technician","Giant Open Air",85.7,159,53.814919,10.401471
Ms.,Marina,Bosch,49448,female,24,MarinaBosch@gustr.com,Black,"ATF agent","Northern Star",57.6,172,52.416074,8.49592
Mr.,Mario,Pfaff,27446,male,64,MarioPfaff@rhyta.com,Blue,"Technical sales manager","Kiddie City",89.1,183,53.424462,9.189397
Ms.,Monika,Wexler,65558,female,21,MonikaWexler@armyspy.com,Blue,"Mechanical inspector","Record Bar",98.2,155,50.27712,8.030416
Mrs.,Birgit,Scherer,97359,female,65,BirgitScherer@fleckens.hu,Purple,"Telecommunications equipment repairer",BASCO,56.2,159,49.725783,10.289662
Mr.,Tom,Drescher,94486,male,85,TomDrescher@fleckens.hu,Yellow,"Heating, air-conditioning, and refrigeration mechanic",Merry-Go-Round,97.7,181,48.646019,13.046051
Mrs.,Angelika,Hartmann,72514,female,20,AngelikaHartmann@superrito.com,Red,Nurse,"Dreamscape Garden Care",84.6,163,47.972553,9.166163
Mr.,Sven,Maurer,83037,male,39,SvenMaurer@einrot.com,Blue,Essayist,"Destiny Realty Solutions",92.3,177,47.807641,11.999908
Mr.,Niklas,Neumann,98673,male,31,NiklasNeumann@rhyta.com,Blue,"Meeting director","Lawn N' Order Garden Care",111.8,190,50.516571,10.926836
Mrs.,Christina,Papst,82213,female,27,ChristinaPapst@teleworm.us,Purple,"Building cleaning worker","Jack Lang",81.6,164,48.238741,11.297979
Mr.,Jan,Eichelberger,24604,male,29,JanEichelberger@jourrapide.com,Blue,"Land acquisition specialist","Planet Profit",105.4,174,54.080838,10.262
Mr.,Bernd,Schultheiss,82067,male,45,BerndSchultheiss@cuvox.de,Green,"Biomedical equipment technician","Golden Dawn",65.9,167,47.893615,11.393117
Mr.,Torsten,Gottschalk,55234,male,56,TorstenGottschalk@gustr.com,Green,Beautician,"Sholl's Colonial Cafeteria",112.6,184,49.749937,8.131952
Mr.,Peter,Fried,55568,male,26,PeterFried@dayrep.com,Green,"Rooms manager","AM/PM Camp",63.2,188,49.69784,7.661188
Mrs.,Julia,Boehm,56422,female,77,JuliaBoehm@superrito.com,Blue,"Travel clerk","Steve's Ice Cream",74.6,156,50.499157,7.888705
Ms.,Nicole,Schwarz,96110,female,45,NicoleSchwarz@rhyta.com,Blue,Army,"Golden's Distributors",67.9,170,50.0353,10.934635
Ms.,Laura,Bieber,92307,female,75,LauraBieber@einrot.com,Blue,"EKG technician","Brilliant Home Designs",92.9,166,48.322498,12.539418
Mr.,Stefan,Hueber,38118,male,36,StefanHueber@fleckens.hu,Green,Illustrator,"Asian Answers",72.8,178,52.316503,10.587439
Mrs.,Vanessa,Bieber,42549,female,24,VanessaBieber@armyspy.com,Green,"Press relations specialist","Suncoast Video",84.4,164,51.355063,7.014515
Mrs.,Ursula,Weiss,53498,female,21,UrsulaWeiss@rhyta.com,Blue,"Leasing manager","Wise Solutions",78.9,166,50.596707,7.223136
Mr.,Wolfgang,Gärtner,41542,male,56,WolfgangGartner@armyspy.com,Blue,Clergy,"Circuit Design",91.0,187,51.117899,6.753791
Mrs.,Heike,Hofmann,86570,female,37,HeikeHofmann@superrito.com,Purple,"Plating and coating machine setter","Quality Realty Service",95.0,160,48.542567,11.201655
Dr.,Christine,Weissmuller,74379,female,54,ChristineWeissmuller@dayrep.com,Red,"Plant manager","WWW Realty",98.9,153,48.877015,9.206591
Mr.,Kevin,Gärtner,85774,male,78,KevinGartner@teleworm.us,Blue,"Casino cashier","Red Food",77.4,181,48.2628,11.715477
Mrs.,Anke,Vogt,70437,female,74,AnkeVogt@rhyta.com,Silver,Clerk,Heslop's,99.8,154,48.74105,9.120885
Mr.,Mario,Rothstein,70174,male,62,MarioRothstein@einrot.com,Blue,"ASE teacher","Shoe Town",86.8,185,48.824604,9.220201
Mr.,Frank,Kirsch,06204,male,38,FrankKirsch@rhyta.com,Blue,"Public relations consultant","Club Wholesale",75.7,173,51.307498,12.039072
Mr.,Alexander,Lowe,97806,male,43,AlexanderLowe@cuvox.de,Blue,"Combined food preparation and serving worker","Record Bar",96.0,178,50.041068,9.596554
Mr.,Maik,Ostermann,98556,male,63,MaikOstermann@rhyta.com,Blue,"Property manager","Signa Air",100.9,165,50.684282,10.644281
Mrs.,Manuela,Lehmann,94327,female,68,ManuelaLehmann@rhyta.com,Blue,"Railroad brake, signal, and switch operator","Dynatronics Accessories",52.2,161,48.963943,12.761288
Mr.,Peter,Krause,25847,male,30,PeterKrause@teleworm.us,Blue,"Voice writer",BASCO,111.4,184,54.434294,8.667543
Mr.,Sebastian,Duerr,88154,male,55,SebastianDuerr@dayrep.com,Blue,"Telephone installer","Child World",111.4,185,47.612908,9.921763
Mr.,Dennis,Bergmann,28259,male,61,DennisBergmann@gustr.com,Blue,"Interior designer",Weatherill's,107.5,167,53.104958,8.745904
Mr.,Michael,Eichelberger,74933,male,53,MichaelEichelberger@cuvox.de,Blue,"Geotechnical engineer",Lum's,69.7,168,49.257385,8.829305
Mr.,Eric,Hahn,97342,male,78,EricHahn@gustr.com,Orange,"Fish and game warden","Rite Solution",91.1,183,49.713556,10.277496
Mr.,Jonas,Schultheiss,27578,male,76,JonasSchultheiss@einrot.com,Green,"Mechanical inspector","Purity Supreme",65.4,179,53.678897,8.658812
Mr.,Ralf,Herz,42651,male,68,RalfHerz@teleworm.us,Blue,"Administrative assistant",Ejecta,86.0,172,51.13112,7.111438
Mr.,Jan,Wolf,12107,male,66,JanWolf@jourrapide.com,Blue,"Cruise ship worker","The Royal Canadian Pancake Houses",106.2,165,52.598076,13.395241
Mr.,Steffen,Duerr,55779,male,57,SteffenDuerr@armyspy.com,Green,Adjuster,"Home Centers",64.5,187,49.547633,7.271334
Mrs.,Barbara,Schneider,82054,female,30,BarbaraSchneider@jourrapide.com,Green,"Heavy truck and tractor-trailer driver","Dubrow's Cafeteria",91.2,159,47.944313,11.55499
Mr.,Maik,Schweizer,25469,male,37,MaikSchweizer@einrot.com,Blue,"Remote sensing specialist","Gas Zone",86.5,182,53.58479,9.766098
Mrs.,Michelle,Oster,55471,female,23,MichelleOster@teleworm.us,Green,"Banker investigator",Gamble-Skogmo,92.5,172,49.976501,7.419617
Mr.,Mike,Fenstermacher,92204,male,48,MikeFenstermacher@einrot.com,Blue,"Cleaning, washing, and metal pickling equipment tender",Rink's,104.0,177,49.410235,11.839575
Mr.,Alexander,Freitag,81906,male,25,AlexanderFreitag@dayrep.com,Blue,Photojournalist,"Crazy Eddie",82.6,171,48.091153,11.594197
Mr.,Frank,Fischer,95456,male,51,FrankFischer@cuvox.de,Green,"Law clerk","Belle Lady",105.6,174,49.958781,11.633031
Mr.,Marco,Urner,22851,male,42,MarcoUrner@armyspy.com,Orange,Physiologist,"Farrell's Ice Cream Parlour",114.3,168,53.749749,9.949788
Mr.,Peter,Gottschalk,95652,male,79,PeterGottschalk@einrot.com,Black,"Medical assistant","Consumers Food and Drug",97.5,168,50.004247,12.334344
Mr.,Marco,Kaufmann,80709,male,60,MarcoKaufmann@teleworm.us,Blue,"Web developer","Pro-Care Garden Maintenance",109.9,186,48.137333,11.543268
Mr.,Felix,Thalberg,80046,male,30,FelixThalberg@rhyta.com,Brown,"Process pipeline drafter",Planetbiz,107.4,170,48.192557,11.533911
Mrs.,Ursula,Friedman,25492,female,85,UrsulaFriedman@gustr.com,Blue,Economist,"Maloley's Finer Foods",87.0,154,53.725298,9.606958
Mr.,Luca,Hofmann,24952,male,41,LucaHofmann@dayrep.com,Green,"Fish cutter","Oranges Records & Tapes",89.7,178,54.880539,9.363661
Mr.,Luca,Daecher,81309,male,64,LucaDaecher@armyspy.com,Black,"Water resources engineer","Super Place",74.4,165,48.120539,11.610844
Mr.,Dieter,Wolf,90020,male,78,DieterWolf@einrot.com,Blue,"Pipe organ repairer",Netaid,101.3,164,49.389805,11.024933
Mr.,Ulrich,Gerber,86938,male,80,UlrichGerber@armyspy.com,Black,"Instrumentation technician","Quality Realty Service",63.8,171,48.057028,11.080893
Mr.,Alexander,Hoover,28217,male,22,AlexanderHoover@rhyta.com,Yellow,"Literary interpreter","Griff's Hamburgers",68.9,176,53.036236,8.693523
Mr.,Dirk,Muench,89174,male,53,DirkMuench@einrot.com,Blue,Cook,"Desmonds Formal Wear",105.3,167,48.504162,10.006147
Mrs.,Doreen,Koenig,06556,female,80,DoreenKoenig@armyspy.com,Purple,"Kennel attendant","Manu Connection",51.0,153,51.420182,11.152543
Mr.,David,Gerste,01632,male,21,DavidGerste@cuvox.de,Blue,"Automotive body and related repairer","Parts America",56.5,180,51.218362,13.554522
Mr.,Martin,Biermann,57635,male,74,MartinBiermann@teleworm.us,Blue,"Marking and identification printing machine operator","Madcats Music & Books",84.3,163,50.798674,7.489673
Mr.,Lukas,Adler,88529,male,57,LukasAdler@gustr.com,Black,"Rotary drill operator","Creative Wealth Management",101.0,186,48.222764,9.472097
Mrs.,Kathrin,Maier,66751,female,48,KathrinMaier@superrito.com,Black,"Printing machine operator","Stop and Shop",90.0,153,48.515854,10.55851
Ms.,Leah,Hoch,92606,female,25,LeahHoch@dayrep.com,Purple,"Job placement officer","Complete Tech",88.5,160,49.672179,12.20802
Mr.,Stephan,Grunwald,96225,male,20,StephanGrunwald@fleckens.hu,Blue,"Family therapist","Destiny Realty",56.4,184,50.081624,10.964373
Mrs.,Karolin,Biermann,27419,female,27,KarolinBiermann@teleworm.us,Blue,"Rental manager","Blockbuster Music",68.4,171,53.196627,9.576777
Mr.,Jürgen,Schäfer,57614,male,82,JurgenSchafer@armyspy.com,White,"Fork lift operator","Enrich Garden Services",71.6,164,50.603983,7.665044
Ms.,Andrea,Pfeifer,86043,female,28,AndreaPfeifer@rhyta.com,Black,"Telephone station repairer","Murray's Discount Auto Stores",92.5,164,48.446321,10.840123
Mr.,Swen,Faust,81213,male,19,SwenFaust@gustr.com,Blue,"U.S. deputy marshal","Del Farm",59.1,183,48.061164,11.485687
Mr.,Christian,Saenger,88152,male,84,ChristianSaenger@einrot.com,Blue,"Rental clerk","Consumers and Consumers Express",100.7,179,47.667665,9.856032
Mr.,Marcel,Mayer,06562,male,85,MarcelMayer@dayrep.com,Blue,"Personal and home care aide","Thom McAn Store",72.8,169,51.341759,11.166219
Ms.,Sophia,Eberhart,35799,female,52,SophiaEberhart@armyspy.com,Blue,"System operator","Super Shops",66.1,164,50.449292,8.102344
Mr.,Kristian,Vogel,50769,male,85,KristianVogel@jourrapide.com,Brown,"Procurement technician",Anderson-Little,83.9,177,50.967633,6.919065
Mr.,Steffen,Pabst,85540,male,75,SteffenPabst@fleckens.hu,Blue,"Air-conditioning mechanic","Freedom Map",75.1,180,48.000344,11.635988
Mr.,Niklas,Schreiber,25405,male,64,NiklasSchreiber@rhyta.com,Green,"Telephone line installer","Solution Answers",73.8,186,53.569479,9.746174
Mr.,Niklas,Burger,78052,male,19,NiklasBurger@rhyta.com,Blue,"Dressing room attendant","EXPO Design Center",80.5,173,48.16334,8.475922
Mr.,Alexander,Glockner,79725,male,29,AlexanderGlockner@einrot.com,Yellow,"Campaign manager","Mr. AG's",99.7,168,47.599522,8.030774
Mr.,Patrick,Zimmer,76532,male,58,PatrickZimmer@gustr.com,Blue,"Keypunch operator","Modern Architecture Design",67.4,176,48.702382,8.253288
Mr.,Ralf,Zimmerman,72514,male,83,RalfZimmerman@cuvox.de,Blue,"Cardiographic technician",Witmark,81.5,181,48.161526,9.259351
Mr.,Maximilian,Bar,97772,male,82,MaximilianBar@teleworm.us,Green,"Gynecologic sonographer",Rink's,66.3,170,50.26734,9.941258
Ms.,Anja,Egger,53175,female,61,AnjaEgger@fleckens.hu,Blue,"Admissions director","Knockout Kickboxing",76.9,158,50.778533,7.180739
Mr.,Erik,Busch,82412,male,53,ErikBusch@gustr.com,Black,"Telephone line installer","Buena Vista Garden Maintenance",66.7,187,47.702365,11.291568
Mr.,Swen,Osterhagen,33619,male,34,SwenOsterhagen@gustr.com,Orange,"Workforce development officer","Big Daddy's Restaurants",82.9,174,52.022528,8.508371
Mrs.,Marina,Koenig,96029,female,80,MarinaKoenig@gustr.com,Purple,Entomologist,"Shabby Chic",85.5,166,49.804656,10.926334
Mrs.,Stephanie,Eisenhauer,55743,female,26,StephanieEisenhauer@cuvox.de,Blue,"Operating engineer","Avant Garde Interior Designs",70.5,174,49.721459,7.367323
Mr.,Bernd,Jaeger,83421,male,82,BerndJaeger@armyspy.com,Green,"Account clerk","Beasts of Beauty",61.1,180,47.672535,12.829887
Mrs.,Monika,Schultheiss,38876,female,33,MonikaSchultheiss@fleckens.hu,Purple,"Biomedical engineer","Wells & Wade",95.5,170,51.6221,10.628447
Mr.,Stefan,Hahn,21511,male,26,StefanHahn@armyspy.com,Black,"Biomedical equipment technician","Sun Television and Appliances",74.4,187,49.509101,9.327584
Mr.,Kristian,Goldschmidt,24015,male,26,KristianGoldschmidt@rhyta.com,Blue,"State police officer","Coast to Coast Hardware",111.6,190,54.332801,10.102573
Mr.,Tom,Mehler,93445,male,31,TomMehler@jourrapide.com,Blue,"Loan officer","Bodega Club",71.8,175,49.406761,12.728583
Mr.,Leon,Herz,08497,male,68,LeonHerz@teleworm.us,Red,"Cardiology technologist","Cloth World",90.1,185,50.579706,12.357654
Mrs.,Lea,Ostermann,79856,female,69,LeaOstermann@rhyta.com,Green,"Oxygen therapist","Earthworks Yard Maintenance",61.0,160,47.95,8.111492
Ms.,Sara,Beckenbauer,40225,female,52,SaraBeckenbauer@dayrep.com,Purple,"Automotive painter","Lawnscape Garden Maintenance",69.4,164,51.264211,6.878679
Mr.,Markus,Frankfurter,95667,male,25,MarkusFrankfurter@dayrep.com,Blue,Buyer,Newhair,84.8,182,49.782524,12.443271
Mr.,Thomas,Junker,67122,male,80,ThomasJunker@jourrapide.com,Red,"Subway operator","Alladin's Lamp",68.1,181,49.356849,8.492397
Mr.,Alexander,Roth,17281,male,25,AlexanderRoth@gustr.com,Black,"Structural metal fabricator","Custom Lawn Service",66.4,188,53.383451,13.768101
Mr.,Max,Wolf,84052,male,46,MaxWolf@einrot.com,Green,"Training manager",Ardan's,93.5,176,48.440956,8.927009
Mrs.,Gabriele,Neudorf,94575,female,76,GabrieleNeudorf@cuvox.de,Black,"Reinforcing iron and rebar worker","The Network Chef",90.3,161,48.675263,13.187589
Mr.,Torsten,Bieber,90219,male,31,TorstenBieber@jourrapide.com,Black,"Signal and track switch repairer","Office Warehouse",92.8,187,49.391278,11.050623
Ms.,Sarah,Weiss,90213,female,19,SarahWeiss@fleckens.hu,Blue,"Product promoter",Bettendorf's,56.4,163,49.445021,11.006187
Ms.,Anna,Hoch,87432,female,33,AnnaHoch@armyspy.com,Purple,"Aquatic biologist","Dave Cooks",66.5,168,47.789862,10.354803
Mr.,Ralf,Pfeifer,90603,male,70,RalfPfeifer@gustr.com,White,"Marine biologist",Awthentikz,64.9,182,49.243802,10.67192
Ms.,Doreen,Beich,13051,female,77,DoreenBeich@dayrep.com,Purple,"Gaming manager","Good Guys",70.1,160,52.583128,13.554532
Mr.,Torsten,Wechsler,12159,male,53,TorstenWechsler@dayrep.com,Blue,"Developmental disabilities nurse","Budget Tapes & Records",94.5,171,52.433696,13.416403
Mr.,Markus,Schultz,66711,male,40,MarkusSchultz@cuvox.de,Green,Videographer,BASCO,86.6,170,49.328266,6.697859
Mr.,Torsten,Achen,96332,male,36,TorstenAchen@jourrapide.com,Red,"Biological-physical anthropologist","Williams Bros.",85.3,174,50.425791,11.34673
Ms.,Katja,Adler,93159,female,24,KatjaAdler@cuvox.de,Purple,"Education and training manager","Cala Foods",79.2,168,48.958908,11.992521
Mr.,Ulrich,Gottschalk,99844,male,26,UlrichGottschalk@armyspy.com,Green,"Professional scout","The Great Train Stores",77.7,169,50.916728,10.371873
Dr.,Dirk,Maur,47652,male,43,DirkMaur@jourrapide.com,Red,"Copy marker",Martin's,116.6,186,51.613529,6.285705
Mrs.,Anna,Müller,66717,female,52,AnnaMuller@einrot.com,Green,"Musical instrument repairer","King Carol",96.9,173,49.234839,6.652664
Mr.,Max,Ebersbach,06348,male,32,MaxEbersbach@cuvox.de,Green,"Bicycle repairer","Matrix Interior Design",104.4,168,51.636193,11.490903
Mr.,Dirk,Schaefer,32049,male,26,DirkSchaefer@fleckens.hu,Blue,"Recruiting manager","K's Merchandise",106.5,169,52.061749,8.633353
Mrs.,Katrin,Ziegler,74232,female,38,KatrinZiegler@jourrapide.com,Blue,"Adult literacy teacher","Poore Simon's",76.7,154,49.083076,9.322618
Mr.,Wolfgang,Muller,02751,male,69,WolfgangMuller@teleworm.us,Blue,"Motion picture projectionist","Envirotecture Design",81.9,163,50.971989,14.896067
Mr.,Tobias,Bayer,74535,male,29,TobiasBayer@armyspy.com,White,"Electrical and electronics repairer",Quickbiz,83.2,186,48.977581,9.605038
Mr.,Daniel,Ackerman,80686,male,53,DanielAckerman@superrito.com,Blue,Stonemason,"Mission You",70.8,179,48.171888,11.523569
Mr.,Matthias,Traugott,06191,male,24,MatthiasTraugott@dayrep.com,Black,"Legal secretary","Wholesale Club, Inc.",75.8,177,51.555655,11.849084
Mr.,Kristian,Berg,33619,male,52,KristianBerg@einrot.com,Red,"Power dispatcher","Music Boutique",102.5,181,52.021266,8.559518
Ms.,Stephanie,Neumann,72393,female,57,StephanieNeumann@rhyta.com,Silver,"Radio mechanic","Allied City Stores",73.0,156,48.256412,9.214725
Ms.,Katja,Zimmerman,93451,female,38,KatjaZimmerman@gustr.com,Blue,Cinematographer,"Crandall's Fine Furniture",90.0,175,49.064319,12.849751
Mr.,Michael,Huber,82167,male,70,MichaelHuber@gustr.com,Silver,"Mail machine operator","Hugh M. Woods",96.9,168,48.196572,11.296455
Mr.,Marcel,Thalberg,03181,male,34,MarcelThalberg@dayrep.com,Blue,"Computer clerk",Chatham,88.9,178,51.951565,14.468474
Mrs.,Julia,Egger,54689,female,74,JuliaEgger@teleworm.us,Blue,"Asphalt paving machine operator","Express Merchant Service",71.5,157,50.14197,6.257003
Mr.,Matthias,Baecker,08340,male,39,MatthiasBaecker@rhyta.com,White,"Maxillofacial surgeon","Record & Tape Outlet",71.5,174,50.617634,12.761715
Mr.,Marcel,Glockner,09378,male,60,MarcelGlockner@gustr.com,Blue,"Job printer","Elm Farm",69.8,166,47.993378,8.978177
Mr.,Kevin,Mahler,09447,male,22,KevinMahler@jourrapide.com,Blue,"U.S. Secret Service agent","Jitney Jungle",59.6,174,50.479584,13.079043
Mr.,Maximilian,Bieber,14926,male,38,MaximilianBieber@gustr.com,Blue,"Public relations manager","H. J. Wilson & Company",95.3,171,52.063818,12.868891
Mr.,Maik,Dietrich,20354,male,73,MaikDietrich@dayrep.com,Blue,"Hardware engineer","Eden Lawn Service",91.7,171,53.649207,9.979858
Ms.,Lisa,Kaiser,23714,female,75,LisaKaiser@fleckens.hu,Blue,"Dental ceramist","Builders Square",82.2,165,54.174522,10.779378
Mr.,Phillipp,Weisz,95647,male,70,PhillippWeisz@einrot.com,Blue,"FBI agent","Lawnscape Garden Maintenance",74.0,169,50.02767,12.381783
Mr.,Mike,Rothschild,24598,male,64,MikeRothschild@armyspy.com,Blue,"Medical translator","Quality Merchant Services",79.9,172,53.916009,10.135087
Mr.,Jonas,Gerber,89561,male,69,JonasGerber@gustr.com,Blue,"Transportation equipment painter","Idea Infinity",67.0,172,48.629003,10.286989
Ms.,Vanessa,Wagner,22767,female,59,VanessaWagner@dayrep.com,Blue,"Training and development specialist","Soul Sounds Unlimited",78.5,164,53.611121,9.984162
Mrs.,Uta,Kalb,16856,female,65,UtaKalb@superrito.com,Blue,"Network architect","Friendly Advice",80.2,154,52.977996,12.321302
Ms.,Jennifer,Klein,67125,female,45,JenniferKlein@gustr.com,Purple,Coache,"Leo's Stereo",97.0,162,49.447575,8.368031
Mr.,René,Kuefer,37085,male,31,ReneKuefer@teleworm.us,Blue,"Web programmer","Handy Dan",100.5,187,51.526013,9.944381
Mr.,Christian,Achen,91584,male,42,ChristianAchen@armyspy.com,Blue,"Apartment house manager","Auto Works",92.0,169,49.2101,10.776496
Ms.,Sabrina,Neumann,54472,female,79,SabrinaNeumann@superrito.com,Purple,Blaster,"Larry's Markets",64.5,160,49.913985,7.238219
Mr.,Sven,Bauer,27243,male,84,SvenBauer@superrito.com,Blue,"Operating engineer","Saturday Matinee",86.3,181,52.883278,8.630014
Mrs.,Michelle,Fischer,06782,female,58,MichelleFischer@dayrep.com,Red,"Health care interpreter","Desert Garden Help",81.2,171,51.718966,12.452687
Mrs.,Leah,Furst,44879,female,85,LeahFurst@teleworm.us,Blue,"Budget analyst",Acuserv,75.7,156,51.478663,7.196558
Mr.,Felix,Meister,25697,male,56,FelixMeister@dayrep.com,Blue,"Abdominal sonographer",Gemco,80.2,187,54.174492,9.119682
Ms.,Jennifer,Schreiner,81679,female,29,JenniferSchreiner@fleckens.hu,Blue,"Brake repairer","Lechters Housewares",99.3,163,48.140565,11.569078
Mr.,Marcel,Rothschild,32108,male,75,MarcelRothschild@armyspy.com,Blue,"Team assembler","Rack N Sack",74.4,167,52.108819,8.681669
Mr.,Michael,Nadel,24757,male,54,MichaelNadel@einrot.com,Blue,"EEO representative","Just For Fun",103.9,188,54.297988,9.753852
Mr.,Marcel,Frey,21033,male,30,MarcelFrey@gustr.com,Blue,Teller,"Mission Realty",86.8,188,53.474195,10.193032
Mr.,Jan,Gersten,55234,male,82,JanGersten@gustr.com,Green,Slaughterer,Macroserve,85.5,163,49.64112,8.167739
Mr.,Phillipp,Freud,40589,male,75,PhillippFreud@superrito.com,Blue,"Nurse aide","Erb Lumber",81.3,181,51.190337,6.833247
Ms.,Sarah,Naumann,66587,female,58,SarahNaumann@cuvox.de,Red,Surveyor,"First Choice Yard Help",102.1,168,49.354276,6.983909
Mrs.,Katja,Pfeiffer,90765,female,40,KatjaPfeiffer@rhyta.com,Green,"Older worker specialist",Chatham,80.8,161,49.556048,10.946025
Dr.,Brigitte,Schroeder,92554,female,84,BrigitteSchroeder@rhyta.com,Blue,"Electronic typesetting machine operator","Landskip Yard Service",49.5,156,49.446602,12.405772
Mr.,Leon,Meyer,54655,male,40,LeonMeyer@superrito.com,Black,"Railroad engineer",Prestiga-Biz,86.6,186,49.989325,6.521982
Mr.,Marko,Moeller,54296,male,25,MarkoMoeller@jourrapide.com,Blue,"Social work policy maker",Pomeroy's,91.3,173,49.754835,6.704273
Mr.,Leon,Gottlieb,27367,male,42,LeonGottlieb@armyspy.com,Blue,"Conservation scientist","Matrix Architectural Service",79.1,170,53.128155,9.306123
Mr.,Robert,Bergmann,87468,male,33,RobertBergmann@jourrapide.com,White,Packer,"The Spotted Cougar",64.8,189,47.668604,10.33853
Mr.,Dominik,Freitag,12043,male,73,DominikFreitag@cuvox.de,Red,Professor,"The Independent Planners",81.0,165,52.418618,13.484312
Mrs.,Birgit,Foerster,54649,female,54,BirgitFoerster@dayrep.com,Blue,"Medical interpreter",Multicerv,68.4,159,50.154845,6.397195
Mrs.,Maria,Hueber,76707,female,57,MariaHueber@gustr.com,Blue,"Geological technician","J. Brannam",80.5,167,49.148393,8.584768
Mr.,Matthias,Herz,86579,male,50,MatthiasHerz@gustr.com,White,Cardiologist,"Life Map",103.4,186,48.577339,11.306912
Mr.,Daniel,Faerber,26571,male,85,DanielFaerber@rhyta.com,Blue,"Chief executive",Thalhimers,87.3,164,53.642835,6.962385
Mr.,Michael,Fenstermacher,04318,male,29,MichaelFenstermacher@superrito.com,Blue,"Surgical technologist",Vari-Tec,60.6,189,51.372121,12.402772
Mr.,Kristian,Schwarz,54634,male,31,KristianSchwarz@armyspy.com,Blue,"Teacher assistant","Vinyl Fever",93.3,179,49.871223,6.518577
Mr.,Jonas,Burger,23503,male,46,JonasBurger@dayrep.com,Green,"Photographic spotter","Solution Answers",110.4,180,53.938828,10.694082
Mrs.,Vanessa,Diederich,38312,female,46,VanessaDiederich@teleworm.us,Orange,"Safety engineer","Desmonds Formal Wear",84.3,153,52.057873,10.507262
Dr.,Lucas,Waechter,91511,male,60,LucasWaechter@fleckens.hu,Blue,"Process piping drafter","I. Magnin",102.9,183,49.299776,10.561849
Mrs.,Annett,Bumgarner,52372,female,20,AnnettBumgarner@dayrep.com,Blue,"Coatroom attendant","Ruehl No. 925",47.0,159,50.732197,6.56839
Mr.,Torsten,Ritter,56589,male,25,TorstenRitter@einrot.com,Orange,"Electrical line worker","Magik Gray",109.0,183,50.501961,7.496844
Mr.,Torsten,Keller,66909,male,82,TorstenKeller@dayrep.com,Blue,"Training assistant","Play Town",75.8,172,49.403526,7.364223
Mr.,Stephan,Muller,10559,male,57,StephanMuller@armyspy.com,Blue,Masseuse,"Parklane Hosiery",74.3,179,52.448094,13.499681
Mrs.,Katharina,Braun,21255,female,59,KatharinaBraun@einrot.com,Blue,"Cost consultant","Pace Membership Warehouse",93.5,166,53.31329,9.697655
Mrs.,Kathrin,Pfeffer,22113,female,44,KathrinPfeffer@cuvox.de,Silver,"Forest and conservation technician","Zany Brainy",84.7,171,53.558654,10.211172
Ms.,Mandy,Mueller,95015,female,42,MandyMueller@superrito.com,Black,"Bindery machine tender",Gallenkamp,78.6,173,50.365937,11.837768
Mr.,Andreas,Herrmann,55471,male,22,AndreasHerrmann@jourrapide.com,Green,"Documentation specialist","Gold Touch",101.8,187,49.968503,7.568994
Mr.,Ralf,Eggers,55469,male,31,RalfEggers@armyspy.com,Blue,"Job developer","Golf Augusta Pro Shops",111.0,181,50.052803,7.455845
Mr.,Stephan,Propst,41748,male,68,StephanPropst@rhyta.com,Green,"Office machine and cash register technician","Foreman & Clark",100.2,182,51.169398,6.29728
Mr.,Maik,Eisenhower,72501,male,33,MaikEisenhower@rhyta.com,Blue,"Power plant operator",Thalhimers,91.9,172,48.158517,9.198277
Mr.,Marko,Rothschild,85375,male,22,MarkoRothschild@dayrep.com,Blue,Seismologist,"Afforda Merchant Services",90.8,190,48.351307,11.685378
Mr.,Felix,Scherer,02724,male,22,FelixScherer@dayrep.com,Black,"Public finance economist",Playworld,102.6,172,51.055095,14.569966
Mr.,Jörg,Muench,15728,male,75,JorgMuench@armyspy.com,Blue,"News photographer","Lafayette Radio",89.6,170,52.376742,13.556271
Mr.,Tobias,Herzog,32107,male,39,TobiasHerzog@einrot.com,Blue,Stenocaptioner,"Standard Food",86.2,169,52.078029,8.657576
Ms.,Janina,Meier,85563,female,51,JaninaMeier@jourrapide.com,Purple,"Industrial relations manager",Weatherill's,56.0,167,48.10305,12.056393
Mr.,Frank,Busch,46117,male,51,FrankBusch@einrot.com,Blue,"Cutting, punching, and press machine operator",McDuff,68.7,171,51.485823,6.881387
Mrs.,Mandy,Zweig,14407,female,29,MandyZweig@fleckens.hu,Purple,"Disc jockey","Hamady Bros. Supermarkets",73.1,154,52.324499,13.037171
Ms.,Ute,Schweitzer,41061,female,23,UteSchweitzer@fleckens.hu,Blue,"Dental medicine doctor","Father & Son",62.2,157,51.184764,6.364025
Mr.,Felix,Glockner,97502,male,58,FelixGlockner@armyspy.com,Green,"Placement specialist","Child World",89.7,169,50.013573,10.209246
Mr.,Markus,Sankt,92224,male,46,MarkusSankt@rhyta.com,Blue,"Auditing clerk","Home Centers",104.7,187,49.403847,11.86152
Mr.,Matthias,Propst,63526,male,32,MatthiasPropst@fleckens.hu,Blue,"Power plant dispatcher","Steve & Barry's",72.2,181,50.190157,9.023827
Mr.,Daniel,Hoover,34298,male,60,DanielHoover@dayrep.com,Blue,"Hospital attendant","Sunny Real Estate Investments",73.9,182,51.296371,9.628609
Mr.,Tim,Fisher,23516,male,70,TimFisher@einrot.com,Orange,"Refuse and recyclable material collector","Warner Brothers Studio Store",63.3,163,53.957249,10.629804
Mr.,Marko,Mehler,24617,male,84,MarkoMehler@rhyta.com,Blue,Lather,"Lafayette Radio",72.1,163,54.150922,10.310769
Mr.,Swen,Nadel,49843,male,21,SwenNadel@dayrep.com,Blue,"Paste-up worker","Star Merchant Services",105.5,185,52.427499,6.918631
Mr.,Peter,Fischer,37181,male,85,PeterFischer@jourrapide.com,Blue,"Airfield operations specialist","Pro Star Garden Management",81.4,176,51.682574,9.751726
Mr.,Bernd,Hofmann,40223,male,58,BerndHofmann@superrito.com,Blue,Farmer,"Custom Sound",77.6,168,51.294753,6.801953
Mr.,Daniel,Mueller,70599,male,73,DanielMueller@rhyta.com,Black,"Public relations consultant",Capitalcorp,70.3,180,48.720312,9.195403
Mr.,Maximilian,Müller,09058,male,41,MaximilianMuller@gustr.com,Red,"Residence leasing agent","Skaggs-Alpha Beta",77.8,167,50.920018,12.843094
Ms.,Christin,Hartmann,56077,female,32,ChristinHartmann@cuvox.de,Purple,"Cargo and freight agent","Laughner's Cafeteria",96.1,172,50.298491,7.630898
Mr.,Steffen,Nussbaum,37276,male,75,SteffenNussbaum@rhyta.com,Green,"Mixing and blending machine tender",Angel's,63.3,178,51.213933,10.051842
Mr.,Matthias,Lemann,95358,male,46,MatthiasLemann@cuvox.de,Blue,"Bookkeeping clerk","Gene Walter's Marketplace",80.2,167,50.188023,11.649972
Mr.,Sven,Burger,19023,male,22,SvenBurger@cuvox.de,Silver,"Mechanical inspector","Home Quarters Warehouse",109.0,173,53.724389,11.464428
Ms.,Christin,Bader,91099,female,77,ChristinBader@fleckens.hu,Purple,Artist,"Vibrant Man",63.7,169,49.735134,10.976271
Ms.,Nicole,Schweizer,06179,female,19,NicoleSchweizer@armyspy.com,Black,"Industrial relations director","King Carol",56.3,171,51.410372,11.818433
Ms.,Marina,Bach,12099,female,35,MarinaBach@armyspy.com,Purple,Marshal,"Endicott Shoes",82.2,172,52.476749,13.312666
Mrs.,Doreen,Blau,73447,female,70,DoreenBlau@armyspy.com,Green,"Furnace installer","L.L. Berger",71.5,152,48.761736,10.149316
Mr.,Sebastian,Schreiner,86555,male,81,SebastianSchreiner@dayrep.com,Orange,"Billing machine operator",Mikrotechnic,87.8,177,47.593621,10.347245
Mr.,Mario,Schuhmacher,97010,male,48,MarioSchuhmacher@cuvox.de,Blue,"Record clerk","Music Plus",99.5,172,49.806496,10.018667
Mrs.,Maria,Pfeifer,02605,female,53,MariaPfeifer@cuvox.de,Green,"Recreation worker","Dubrow's Cafeteria",87.6,161,51.084341,14.334713
Ms.,Birgit,Beike,14513,female,84,BirgitBeike@rhyta.com,Blue,"Maintenance electrician","Gold Touch",65.6,169,52.348917,13.339929
Mr.,Eric,Friedman,08244,male,64,EricFriedman@dayrep.com,Red,"Layout artist","Home Centers",68.5,184,50.363865,12.465943
Mr.,Luca,Fuchs,01653,male,43,LucaFuchs@teleworm.us,Blue,"Mail processor","Maloley's Finer Foods",96.1,183,51.139185,13.480735
Mr.,Ralf,Urner,92245,male,81,RalfUrner@fleckens.hu,Orange,Caulker,"Magik Lamp",91.9,163,49.472252,11.816135
Mrs.,Stefanie,Oster,72760,female,26,StefanieOster@superrito.com,Orange,Brickmason,Adray,84.4,166,48.600547,9.180321
Ms.,Claudia,Schultheiss,01459,female,23,ClaudiaSchultheiss@einrot.com,Blue,"Payroll administrator","Compact Disc Center",54.9,157,51.117059,13.581848
Mr.,Luca,Eisenberg,31096,male,24,LucaEisenberg@superrito.com,Silver,"Aeronautical drafter",Acuserv,69.2,174,52.012611,9.701237
Mrs.,Sarah,Hofmann,66702,female,84,SarahHofmann@cuvox.de,Green,"Placement counselor","Integra Investment Service",91.9,169,49.502454,6.474068
Mr.,Christian,Burger,94074,male,22,ChristianBurger@rhyta.com,Blue,"Operating room technician","Champion Auto",86.4,182,48.736289,13.584184
Mr.,Thorsten,Neumann,76131,male,34,ThorstenNeumann@jourrapide.com,Green,"Auditing clerk","Price Club",100.3,168,49.096469,8.334907
Mr.,Patrick,Gerber,41748,male,71,PatrickGerber@dayrep.com,White,"Benefits clerk","County Market",94.3,183,51.283273,6.366886
Mr.,René,Zimmermann,25538,male,39,ReneZimmermann@cuvox.de,Blue,"Control and valve repairer","Big Daddy's Restaurants",91.4,188,52.439851,10.684999
Ms.,Sabrina,Müller,94145,female,66,SabrinaMuller@rhyta.com,Blue,Accountant,"Monk House Maker",86.0,169,48.871193,13.734246
Mr.,Sebastian,Zimmerman,97236,male,31,SebastianZimmerman@cuvox.de,Blue,"Bulldozer operator",Anthony's,76.6,189,49.784038,10.032004
Mrs.,Brigitte,Barth,21244,female,48,BrigitteBarth@fleckens.hu,Red,"Transplant nurse","Zephyr Investments",77.1,154,53.257917,9.927269
Mrs.,Nadine,Weisz,17258,female,61,NadineWeisz@armyspy.com,Blue,"Collision repair and refinish technician",Coconut's,102.6,153,53.384366,13.443788
Mr.,Matthias,Gloeckner,97606,male,72,MatthiasGloeckner@dayrep.com,Green,Lather,"Big D Supermarkets",77.1,169,50.277886,10.210337
Mr.,Sven,Hoffmann,88108,male,33,SvenHoffmann@dayrep.com,Green,"Graphic designer","Pro Yard Services",97.4,189,47.587018,9.728245
Mr.,Peter,Eichelberger,27313,male,33,PeterEichelberger@fleckens.hu,Blue,"Radio and telecommunications equipment repairer","Suncoast Video",87.8,182,52.885914,9.225714
Mr.,Thomas,Reinhardt,93109,male,48,ThomasReinhardt@rhyta.com,Blue,Microeconomist,"Father & Son",107.1,183,49.054381,12.415507
Mrs.,Franziska,Mueller,06251,female,72,FranziskaMueller@superrito.com,Blue,"Heat treating equipment operator","Checker Auto Parts",62.4,158,51.381798,12.124656
Mrs.,Sarah,Freytag,06644,female,22,SarahFreytag@cuvox.de,Blue,"Aerospace engineer","Gold Leaf Garden Management",55.5,162,51.222076,11.593356
Ms.,Andrea,Schultz,33602,female,27,AndreaSchultz@dayrep.com,Orange,"Packaging and filling machine operator","Tech Hifi",84.6,160,51.966318,8.577266
Ms.,Sara,Wurfel,81213,female,45,SaraWurfel@jourrapide.com,Purple,"Health care interpreter","Superior Interactive",63.0,165,48.079961,11.574955
Ms.,Kathrin,Faust,45481,female,61,KathrinFaust@armyspy.com,Blue,"Petroleum refinery operator",Wetson's,100.3,172,51.377045,6.781175
Mr.,Philipp,Nussbaum,23875,male,20,PhilippNussbaum@cuvox.de,Black,"Cooling and freezing equipment operator","Music Den",77.2,181,53.680469,10.587234
Mrs.,Simone,Trommler,15517,female,72,SimoneTrommler@einrot.com,Purple,"Derrick operator","Big Daddy's Restaurants",81.5,163,52.336876,13.996662
Mr.,Ralph,Strauss,98502,male,77,RalphStrauss@einrot.com,Blue,"Education administrator","Prahject Planner",96.8,165,50.633914,10.707793
Mr.,Matthias,Reinhard,46236,male,60,MatthiasReinhard@jourrapide.com,Green,"Staffing specialist","Vinyl Fever",87.6,173,51.450998,6.840926
Mrs.,Katrin,Nacht,83239,female,49,KatrinNacht@teleworm.us,Purple,"Accounts payable clerk","Castro Convertibles",58.4,158,47.70724,12.483721
Mr.,Niklas,Schneider,76879,male,50,NiklasSchneider@fleckens.hu,Green,"Tumbling barrel painter","Quality Event Planner",88.7,181,49.150722,8.107249
Mr.,Sven,Hoch,70794,male,20,SvenHoch@armyspy.com,Blue,"Termite control technician","Food Fair",97.4,165,48.60733,9.231533
Ms.,Silke,Schmidt,55483,female,70,SilkeSchmidt@rhyta.com,Blue,"Electrical drafter","Western Auto",85.7,152,49.842056,7.194717
Mr.,Leon,Hertzog,57612,male,80,LeonHertzog@gustr.com,Orange,"Water transportation master","The Independent Planners",68.9,173,50.641942,7.793447
Mr.,David,Propst,56472,male,74,DavidPropst@armyspy.com,Orange,"University faculty","Del Farm",77.8,166,50.722152,7.829764
Mr.,Wolfgang,Feierabend,22549,male,21,WolfgangFeierabend@superrito.com,Blue,"Administrative office specialist",Furrow's,78.7,182,53.569904,9.920882
Mr.,René,Eichmann,45527,male,23,ReneEichmann@dayrep.com,Black,"Order filler","Netcom Business Services",81.5,189,51.471867,7.244388
Mr.,Christian,Traugott,83259,male,39,ChristianTraugott@armyspy.com,Blue,"Silvering applicator","Kinney Shoes",79.7,180,47.641607,12.409223
Mr.,Stefan,Frueh,01825,male,80,StefanFrueh@rhyta.com,Black,"Personnel director","Listenin' Booth",88.1,173,50.78953,13.927753
Mrs.,Kristin,Abend,95410,female,75,KristinAbend@cuvox.de,Blue,"Commercial photographer","Town and Country Convenience Stores",71.0,169,49.934817,11.640629
Mrs.,Jana,Krüger,33607,female,51,JanaKruger@jourrapide.com,Yellow,"Magnetic resonance (MR) technologist","Manning's Cafeterias",89.5,173,52.017572,8.640354
Mr.,Michael,Baader,18261,male,40,MichaelBaader@armyspy.com,Black,Actuarie,"Fisher Foods",79.3,173,53.812549,12.076211
Mr.,Michael,Schneider,82134,male,82,MichaelSchneider@dayrep.com,Blue,"Passenger rate clerk","J. K. Gill Company",72.4,163,48.244727,11.265517
Mr.,Alexander,Eggers,92212,male,32,AlexanderEggers@fleckens.hu,Blue,"Water conservationist",Quickbiz,75.4,188,49.526433,11.824727
Mr.,Ralf,Kohler,84365,male,36,RalfKohler@gustr.com,Green,Poet,"Clemens Markets",113.2,180,48.31891,12.98649
Mrs.,Nicole,Scherer,10825,female,66,NicoleScherer@fleckens.hu,Yellow,"Plasma cutter","Pender's Food Stores",59.0,165,52.505663,13.256154
Mr.,Lukas,Traugott,97604,male,82,LukasTraugott@jourrapide.com,Blue,"Distribution clerk","House Works",66.3,172,50.424875,10.254888
Mr.,Jonas,Finkel,08403,male,37,JonasFinkel@dayrep.com,Red,Army,"Waves Music",75.7,172,50.681974,12.415988
Mr.,Maik,Schulze,58509,male,82,MaikSchulze@rhyta.com,Red,"Conservation forester","Circuit Design",83.3,178,51.224004,7.572117
Mr.,Peter,Strauss,85752,male,80,PeterStrauss@cuvox.de,Black,Detective,"J. Riggings",67.6,176,48.18678,11.454033
Dr.,Phillipp,Beyer,01472,male,74,PhillippBeyer@rhyta.com,Red,"Yoga instructor","Courtesy Hardware Store",69.2,172,50.892551,14.028748
Ms.,Mandy,Lange,90614,female,25,MandyLange@armyspy.com,Blue,"Postsecondary vocational-technical education teacher","King Carol",91.4,162,49.379116,10.886535
Mr.,Frank,Fisher,39387,male,84,FrankFisher@gustr.com,Blue,"Paper goods operator","Manning's Cafeterias",100.7,166,52.058682,11.180107
Mr.,Markus,Jaeger,55545,male,71,MarkusJaeger@fleckens.hu,Blue,"Multiple machine tool operator",JasmineSola,82.2,177,49.855463,7.748486
Dr.,Dennis,Schneider,56288,male,31,DennisSchneider@armyspy.com,Blue,"Scheduling clerk","Coon Chicken Inn",62.3,168,49.968054,7.555115
Mr.,Max,Propst,15368,male,51,MaxPropst@rhyta.com,Red,"Administrative technician","Omni Architectural Designs",76.3,171,52.561021,13.702886
Mr.,Maik,Gerste,38881,male,46,MaikGerste@gustr.com,Black,"Human resources representative","Action Auto",98.7,169,51.895946,10.866959
Mr.,Martin,Gerste,94301,male,44,MartinGerste@jourrapide.com,Blue,"Secret Service agent","id Boutiques",67.2,180,48.840646,12.62985
Mr.,Lucas,Grunewald,91104,male,44,LucasGrunewald@cuvox.de,Blue,Publicist,"Poore Simon's",74.8,178,49.26639,10.947773
Mrs.,Simone,Traugott,80905,female,41,SimoneTraugott@cuvox.de,Purple,"Employee training specialist","White Coffee Pot",72.1,170,48.23223,11.589201
Ms.,Klaudia,Baader,87616,female,20,KlaudiaBaader@teleworm.us,Yellow,"Word processor","Piece Goods Fabric",65.7,162,47.811467,10.552322
Ms.,Stefanie,Vogel,31094,female,72,StefanieVogel@einrot.com,Green,"Image designer",FlowerTime,88.2,169,52.037011,9.778949
Mr.,Kevin,Ostermann,55271,male,48,KevinOstermann@armyspy.com,Orange,"Agricultural worker","Nelson Brothers",93.0,169,49.979099,8.128723
Mrs.,Kristin,Lehrer,91367,female,69,KristinLehrer@superrito.com,Blue,Cartoonist,"Music Boutique",71.2,171,49.624123,11.180427
Mr.,David,Werfel,25985,male,43,DavidWerfel@rhyta.com,Black,"Children's librarian","American Wholesale Club",87.4,169,54.901974,8.415182
Mr.,Daniel,Grunewald,87487,male,74,DanielGrunewald@teleworm.us,Blue,Manufacturers,"Harmony House",96.6,170,47.768359,10.137589
Mr.,Martin,Bayer,96136,male,24,MartinBayer@armyspy.com,Blue,"Vending machine servicer","Odyssey Records & Tapes",84.7,188,49.779627,10.806131
Mr.,Jan,Jung,91217,male,58,JanJung@armyspy.com,Green,"Scraper operator",Jacobs,96.6,168,49.55298,11.463673
Mrs.,Kerstin,Loewe,96362,female,78,KerstinLoewe@superrito.com,Black,Adjudicator,"A. L. Price",98.8,157,50.255818,11.409105
Mrs.,Stephanie,Eberhart,61231,female,51,StephanieEberhart@cuvox.de,Blue,"Home inspector","Record Bar",100.7,171,50.305252,8.682892
Mr.,René,Kaestner,02936,male,52,ReneKaestner@fleckens.hu,Green,"Political geographer","Aaronson Furniture",72.0,167,51.574035,14.546642
Mr.,Jürgen,Hertz,14552,male,26,JurgenHertz@gustr.com,Blue,"Window clerk","Terra Nova Garden Services",100.0,190,52.33544,13.028886
Mr.,Benjamin,Dietrich,79112,male,62,BenjaminDietrich@jourrapide.com,Blue,"Decontamination technician","Farrell's Ice Cream Parlour",97.9,169,48.084957,7.881133
Mr.,Christian,Eisenberg,54595,male,56,ChristianEisenberg@einrot.com,Blue,"Account collector",Wellby,105.4,186,50.164066,6.311712
Mr.,Niklas,Mehler,56766,male,34,NiklasMehler@einrot.com,Blue,"Personnel training officer",BASCO,63.8,184,50.343517,6.96639
Mr.,Leon,Hartmann,19337,male,71,LeonHartmann@fleckens.hu,Black,"Independent insurance agent","House 2 Home",86.1,170,47.785252,12.407567
Mrs.,Sabrina,Kuster,67308,female,40,SabrinaKuster@teleworm.us,Blue,"Gaming machine repairer","Envirotecture Design",102.0,161,49.590992,8.161237
Mrs.,Ines,Bergmann,22085,female,36,InesBergmann@cuvox.de,Green,"Correspondence clerk","Exact Solutions",58.5,164,53.596219,10.116672
Mr.,Ulrich,Kaufmann,17080,male,21,UlrichKaufmann@armyspy.com,Blue,"Extruding and drawing machine setters","Oklahoma Tire & Supply Company",89.7,173,53.644343,13.273204
Ms.,Kristin,Amsel,97605,female,31,KristinAmsel@gustr.com,Red,Caulker,"Bold Ideas",93.1,157,50.317118,10.284914
Mr.,Lucas,Konig,85502,male,33,LucasKonig@rhyta.com,Blue,"Musical instrument tuner",Mikrotechnic,102.5,176,47.985788,11.74272
Mr.,Klaus,Frey,83093,male,76,KlausFrey@einrot.com,Orange,"EEO officer",Fireball,87.3,173,47.920592,12.264134
Ms.,Leah,Reinhard,38557,female,62,LeahReinhard@einrot.com,Green,"Eligibility interviewer","Crafts Canada",74.3,153,52.371913,10.644637
Mr.,Frank,Koch,23669,male,79,FrankKoch@teleworm.us,Blue,Playwright,"Smitty's Marketplace",78.8,173,53.995486,10.864285
Mr.,Torsten,Weisz,85280,male,22,TorstenWeisz@superrito.com,Blue,"Coatroom attendant","Mission G",73.1,171,48.625728,11.699308
Mrs.,Leonie,Vogt,83503,female,37,LeonieVogt@gustr.com,Red,"Creative director","Media Play",101.1,165,48.137078,12.210911
Mr.,Bernd,Burger,54340,male,38,BerndBurger@superrito.com,Green,"Geriatric nurse","Waccamaw Pottery",82.9,181,49.710759,6.811268
Mr.,Bernd,Kastner,03046,male,30,BerndKastner@cuvox.de,Blue,"Production cost estimator","O.K. Fairbanks",69.1,172,51.703734,14.2463
Mr.,Mario,Pfeifer,56729,male,77,MarioPfeifer@superrito.com,Orange,"Brazing worker",Widdmann,64.5,168,50.397312,7.027443
Dr.,Ulrike,Faerber,24044,female,28,UlrikeFaerber@rhyta.com,Orange,"Plating and coating machine setter","Leath Furniture",53.8,157,54.234558,10.058179
Mr.,Matthias,Kohler,82327,male,45,MatthiasKohler@armyspy.com,Blue,"Steadicam operator","Suncoast Video",75.7,186,47.867905,11.367942
Mr.,Marko,Durr,28779,male,68,MarkoDurr@cuvox.de,Green,Logistician,"The Spotted Cougar",95.0,176,53.044797,8.765701
Mr.,Lucas,Faust,24126,male,49,LucasFaust@jourrapide.com,Green,"Patient representative","Rivera Property Maintenance",98.5,177,54.390878,10.216284
Mr.,Ulrich,Koch,44263,male,60,UlrichKoch@fleckens.hu,Green,"Mathematical technician","Mission Realty",65.3,187,51.511971,7.402316
Mrs.,Mandy,Reinhardt,93123,female,69,MandyReinhardt@einrot.com,Blue,Plasterer,"Big Apple",98.1,154,49.063816,12.055596
Ms.,Yvonne,Gottlieb,86862,female,61,YvonneGottlieb@fleckens.hu,White,"Dressing room attendant","The Network Chef",60.2,172,48.073369,10.732249
Mr.,Marco,Freytag,67585,male,62,MarcoFreytag@cuvox.de,Green,"Genetics nurse","National Tea",92.0,180,49.770613,8.364707
Mr.,Jens,Kohler,18249,male,24,JensKohler@rhyta.com,Green,"Quality control technician","Sam Goody",81.0,168,53.852533,11.799211
Mr.,Leon,Muench,56843,male,20,LeonMuench@superrito.com,Black,"Telecommunications equipment installer","Fradkin Brothers Furniture",96.2,174,49.980888,7.118149
Mr.,Sven,Konig,63818,male,26,SvenKonig@cuvox.de,Blue,"Creative writer","Chief Auto Parts",62.3,177,49.941937,9.190203
Mrs.,Ute,Schroeder,13505,female,46,UteSchroeder@gustr.com,Blue,"Inside order clerk","New World Realty",95.4,155,52.441496,13.477049
Mr.,Ralf,Theiss,24629,male,67,RalfTheiss@einrot.com,Blue,"Cable splicer","Deco Refreshments, Inc.",92.2,179,53.780191,10.024531
Ms.,Leah,Schultheiss,78194,female,25,LeahSchultheiss@dayrep.com,Green,"Restaurant manager","Listen Up",94.5,166,47.850854,8.679592
Mr.,Ralf,Frei,54533,male,52,RalfFrei@teleworm.us,Blue,"Fish hatchery manager","Sunflower Market",69.5,179,49.961801,6.80385
Mrs.,Andrea,Unger,82264,female,48,AndreaUnger@fleckens.hu,Green,"Property manager","Hudson's MensWear",65.1,166,48.058031,11.223457
Mr.,Kristian,Freud,53757,male,31,KristianFreud@dayrep.com,Green,"Chiropractic doctor","Reliable Investments",97.0,174,50.808309,7.195654
Mr.,Christian,Walter,38315,male,29,ChristianWalter@superrito.com,Blue,"Crossing guard","Maloley's Finer Foods",78.6,174,51.97751,10.537803
Mrs.,Juliane,Ritter,84413,female,23,JulianeRitter@einrot.com,Red,"Dressing room attendant","Gold Medal",62.9,170,48.123408,11.687023
Mr.,Tom,Eisenhauer,47798,male,43,TomEisenhauer@armyspy.com,Blue,"Employee training specialist","House Of Denmark",88.8,174,51.395526,6.497915
Mrs.,Ines,Zimmer,50825,female,31,InesZimmer@einrot.com,Yellow,"Food service manager","Integra Design",91.5,172,51.040171,6.859767
Ms.,Ute,Schwab,90703,female,58,UteSchwab@teleworm.us,Blue,"Material dispatching","Sholl's Colonial Cafeteria",104.6,160,48.69088,12.011512
Ms.,Leonie,Frey,56370,female,27,LeonieFrey@fleckens.hu,Blue,"Payroll administrator","Mr. D's IGA",54.6,175,50.267617,7.821982
Mr.,Ralph,Nussbaum,94130,male,80,RalphNussbaum@dayrep.com,Blue,"Orthotics technician","Ruehl No. 925",65.9,168,48.517576,13.647976
Mrs.,Angelika,Gruenewald,65817,female,67,AngelikaGruenewald@armyspy.com,Blue,"Utility meter reader","Omni Superstore",56.8,156,50.164018,8.312915
Mrs.,Ines,Freytag,94331,female,65,InesFreytag@fleckens.hu,Green,"Delivery service truck driver","Listenin' Booth",89.2,158,48.767464,12.29609
Ms.,Katrin,Dresner,56412,female,77,KatrinDresner@superrito.com,Yellow,"Specification inspector",Widdmann,49.3,159,50.383107,7.889134
Mrs.,Andrea,Schultheiss,97305,female,71,AndreaSchultheiss@teleworm.us,Purple,Nutritionist,Netobill,72.3,161,49.711847,10.197846
Ms.,Anja,Fuhrmann,24349,female,45,AnjaFuhrmann@cuvox.de,Yellow,"Police officer","Cardinal Stores",81.3,158,54.574731,9.944814
Mrs.,Lea,Bergmann,07727,female,50,LeaBergmann@fleckens.hu,Yellow,"Camp director","Locost Accessories",50.9,154,51.011557,11.577035
Mr.,Michael,Aachen,56244,male,36,MichaelAachen@dayrep.com,Blue,"Data entry keyer","Twin Electronics",110.1,180,50.679574,7.79336
Mr.,Kristian,Schroder,80534,male,78,KristianSchroder@superrito.com,Blue,"Fork lift operator","Home Centers",90.4,177,48.142965,11.496372
Mrs.,Gabriele,Baum,21339,female,24,GabrieleBaum@dayrep.com,Blue,"Administrative office specialist","Total Network Development",99.0,169,53.184607,10.335998
Mr.,Mario,Fruehauf,25480,male,29,MarioFruehauf@superrito.com,Blue,"Journeymen lineman","Brooks Fashions",89.7,168,53.591296,9.832869
Mr.,Michael,Vogler,72525,male,79,MichaelVogler@jourrapide.com,Green,Chauffeur,"Pace Membership Warehouse",72.7,176,48.392523,9.402354
Mr.,René,Fischer,91586,male,70,ReneFischer@fleckens.hu,Green,"Mechanical drafter","Intelli Wealth Group",63.3,174,49.238614,10.722372
Mrs.,Jennifer,Hertz,23785,female,28,JenniferHertz@teleworm.us,Red,"Forging machine operator","The White Rabbit",51.8,172,53.997088,10.365547
Mr.,Marcel,Hirsch,06369,male,27,MarcelHirsch@cuvox.de,Yellow,"Environmental scientist","Thriftway Food Mart",98.6,175,51.702399,12.053507
Mrs.,Klaudia,Hoover,95411,female,65,KlaudiaHoover@fleckens.hu,Purple,"Ground controller","Whitlocks Auto Supply",94.6,156,50.011016,11.641904
Mr.,Dennis,Jaeger,91157,male,65,DennisJaeger@fleckens.hu,Blue,"Parking enforcement worker","Sports Unlimited",95.8,177,49.274112,11.244979
Ms.,Christin,Schroeder,17495,female,21,ChristinSchroeder@einrot.com,Blue,"Procurement technician","National Shirt Shop",91.0,155,53.911713,13.451092
Mr.,Tim,Bosch,96203,male,68,TimBosch@cuvox.de,Blue,"Civil engineering technician","Warner Brothers Studio Store",63.0,172,50.189175,11.062805
Mrs.,Tanja,Eisenberg,87653,female,72,TanjaEisenberg@gustr.com,Blue,"Aeronautical drafter","Shoe Town",95.6,163,47.88903,10.566041
Mr.,Martin,Hoover,99828,male,59,MartinHoover@superrito.com,Blue,"Certified nursing assistant","Two Pesos",74.6,170,51.032032,10.271477
Dr.,Sara,Grunewald,91596,female,42,SaraGrunewald@cuvox.de,Blue,Caregiver,"Pleasures and Pasttimes",74.5,169,49.082257,10.485459
Mr.,Jens,Krüger,16857,male,82,JensKruger@gustr.com,Blue,"Molding, coremaking, and casting machine operator",Martin's,84.5,164,53.012288,12.26017
Ms.,Claudia,Gerber,63779,female,20,ClaudiaGerber@superrito.com,Black,"Health engineer","Shabby Chic",50.1,156,49.742125,9.095296
Mr.,Torsten,Kalb,27367,male,59,TorstenKalb@superrito.com,Blue,Dressmaker,"Rustler Steak House",105.1,174,53.101133,9.221419
Mrs.,Julia,Fuchs,97283,female,57,JuliaFuchs@rhyta.com,Green,"Radio and telecommunications equipment installer","Channel Home Centers",62.9,158,49.552534,9.959764
Mrs.,Anne,Koertig,56276,female,69,AnneKoertig@teleworm.us,Purple,"Traffic clerk",Dahlkemper's,77.4,165,50.521433,7.585781
Mrs.,Julia,Holzman,86695,female,20,JuliaHolzman@gustr.com,Green,Sorter,"Museum Company",76.2,174,48.527272,10.752549
Dr.,Klaus,Dresner,85316,male,67,KlausDresner@rhyta.com,Blue,"Copy editor","ABCO Foods",101.5,177,48.326695,11.763909
Mrs.,Stephanie,Holtzmann,18175,female,71,StephanieHoltzmann@armyspy.com,Blue,"Market and survey researcher",VitaGrey,85.4,170,54.220036,12.310936
Mrs.,Maria,Gruenewald,96409,female,35,MariaGruenewald@superrito.com,Blue,"Airfield operations specialist","Integra Wealth",81.6,162,50.214807,10.871421
Mr.,Dominik,Achen,86498,male,22,DominikAchen@einrot.com,Blue,"Nuclear technician","Allied Radio",59.3,186,48.086618,10.231288
Mr.,Erik,Jung,65620,male,71,ErikJung@einrot.com,Black,Printmaker,"Omni Realty",89.8,165,50.461726,8.03548
Mr.,Mathias,Weiss,92268,male,73,MathiasWeiss@gustr.com,Blue,"Snowmobile mechanic","Wise Appraisals",103.6,164,49.456794,11.601235
Mr.,Marcel,Luft,08642,male,77,MarcelLuft@armyspy.com,Blue,"Support staff specialist","Unity Stationers",103.0,184,50.378354,12.283926
Mr.,Tim,Schwarz,16241,male,57,TimSchwarz@fleckens.hu,Black,Abstractor,"Cala Foods",71.0,167,52.913444,13.675821
Mr.,Daniel,Eichmann,86473,male,44,DanielEichmann@gustr.com,Red,"Photographic process worker","Ernst Home Centers",85.1,167,48.372142,10.51494
Mr.,Martin,Amsel,76831,male,30,MartinAmsel@jourrapide.com,Yellow,"College instructor","American Appliance",72.3,188,49.176307,8.050007
Mr.,Felix,Adler,19006,male,46,FelixAdler@einrot.com,Black,"Ambulance dispatcher",Cavages,104.9,169,53.56427,11.343209
Mr.,Kristian,Fenstermacher,27612,male,50,KristianFenstermacher@superrito.com,Blue,Farmworker,"Superior Interior Design",88.2,174,53.467034,8.725206
Mr.,Frank,Pfeifer,39402,male,54,FrankPfeifer@einrot.com,Blue,Bibliographer,"Rolling Thunder",100.6,186,51.863933,11.560375
Mr.,Ralf,Gärtner,16721,male,56,RalfGartner@cuvox.de,Green,"Bartender helper","Lionel Kiddie City",95.3,179,52.675633,13.276408
Mr.,Stefan,Austerlitz,82331,male,47,StefanAusterlitz@cuvox.de,Orange,"Graphic designer","Modern Architecture Design",81.7,175,48.047369,11.343597
Mr.,Jens,Freitag,41748,male,35,JensFreitag@fleckens.hu,Blue,"Library technician","Boston Sea Party",77.3,189,51.266992,6.457841
Ms.,Doreen,Krüger,24372,female,28,DoreenKruger@teleworm.us,Brown,"Molding, coremaking, and casting machine operator",Naugles,95.8,172,54.740442,10.008182
Mr.,Maximilian,Maier,91252,male,19,MaximilianMaier@teleworm.us,Blue,Broker,"Destiny Realty Solutions",89.9,176,49.75186,11.485818
Mr.,Lucas,Vogel,49453,male,64,LucasVogel@fleckens.hu,Blue,"Conference service coordinator","S&W Cafeteria",98.8,176,52.681173,8.532635
Ms.,Sophie,Glockner,18125,female,76,SophieGlockner@armyspy.com,Blue,"Rail-track laying and maintenance equipment operator",Cavages,89.9,164,54.031157,12.126328
Mr.,Patrick,Lang,84094,male,53,PatrickLang@jourrapide.com,Orange,"Sawing machine tender","E-zhe Source",81.2,182,48.644138,11.729931
Mrs.,Jennifer,Cole,87553,female,35,JenniferCole@jourrapide.com,Blue,"Sewage treatment plant operator","Standard Food",60.9,168,47.505947,10.288937
Mr.,Markus,Reiniger,29386,male,46,MarkusReiniger@dayrep.com,Green,"Aquaculture farmer",Klopfenstein's,66.6,181,52.761053,10.548875
Ms.,Laura,Freitag,94101,female,68,LauraFreitag@gustr.com,Blue,"Technical education teacher","The Happy Bear",90.8,153,48.73304,13.384655
Mrs.,Ute,Freeh,55234,female,47,UteFreeh@teleworm.us,Blue,Glazier,Maxaprofit,63.4,174,49.590939,8.20332
Mr.,Maximilian,Becker,21337,male,39,MaximilianBecker@fleckens.hu,Blue,"Air traffic controller",Rickel,78.8,171,53.187456,10.381088
Mr.,Niklas,Wagner,85757,male,20,NiklasWagner@fleckens.hu,Blue,"Community planner","Idea Infinity",62.8,190,48.208737,11.427107
Ms.,Christin,Baader,06676,female,38,ChristinBaader@cuvox.de,Red,"Plant scientist",MegaSolutions,56.7,157,51.175272,12.067747
Mrs.,Karin,Gottlieb,73732,female,85,KarinGottlieb@cuvox.de,Blue,"Optical mechanic","Madcats Music & Books",80.1,154,48.673169,9.294816
Mr.,Dirk,Dietrich,57612,male,38,DirkDietrich@einrot.com,Blue,"Fiscal and policy analyst","Odyssey Records & Tapes",110.3,183,50.809511,7.752017
Mr.,Felix,Gärtner,28197,male,37,FelixGartner@gustr.com,Blue,"Milling and planing machine setter","National Hardgoods Distributors",76.0,168,53.170838,8.761926
Mrs.,Anja,Beich,31091,female,54,AnjaBeich@teleworm.us,Orange,"Coatroom attendant","Thrift Auto Parts",103.9,173,51.965734,9.795755
Mr.,Alexander,Muller,82043,male,66,AlexanderMuller@teleworm.us,Black,Paymaster,"Red Food",75.0,169,47.958224,11.460142
Mr.,Bernd,Faber,89143,male,55,BerndFaber@teleworm.us,Red,"Manpower development advisor","Thrift Auto Parts",84.7,188,48.380994,9.841168
Mr.,Wolfgang,Schwartz,14656,male,26,WolfgangSchwartz@gustr.com,White,"Operating engineer","Bloom Brothers Furniture",62.6,171,52.652594,12.975118
Mr.,Bernd,Nacht,27632,male,46,BerndNacht@gustr.com,Blue,"Laboratory animal technician","Great Western",95.4,186,53.715348,8.630432
Mrs.,Barbara,Nacht,83711,female,39,BarbaraNacht@armyspy.com,Purple,"Convention services manager","The White Swan",55.9,170,47.831465,11.915534
Mr.,Felix,Loewe,54558,male,39,FelixLoewe@superrito.com,Blue,"Financial services sales agent","Bountiful Harvest Health Food Store",81.4,172,50.021112,6.852531
Mr.,Steffen,Eichmann,81302,male,27,SteffenEichmann@einrot.com,Blue,"Library aide","Eagle Hardware & Garden",104.3,176,48.174216,11.492386
Mr.,Tim,Schweitzer,47137,male,78,TimSchweitzer@superrito.com,Blue,"Industrial hygienist","County Market",86.8,163,51.48047,6.764709
Mr.,Stephan,Schulz,67823,male,55,StephanSchulz@fleckens.hu,Blue,"Avionics technician","Britches of Georgetown",65.8,177,49.761351,7.748844
Mr.,Sven,Neumann,34519,male,21,SvenNeumann@gustr.com,Blue,Tester,"Solution Realty",85.1,174,51.395378,8.895923
Mr.,Bernd,Konig,86872,male,54,BerndKonig@dayrep.com,Blue,"ENG operator",Maxi-Tech,78.0,176,48.197901,10.58902
Mr.,Eric,Traugott,24591,male,82,EricTraugott@dayrep.com,Blue,Telemarketer,"Flagg Bros. Shoes",79.5,183,54.071002,9.575227
Mr.,Erik,Saenger,95204,male,32,ErikSaenger@dayrep.com,Black,"Technical sales support worker","A+ Investments",108.4,179,50.177259,11.849683
